time,high,low,open,volumefrom,volumeto,close,conversionType,conversionSymbol
1687046400,26686.77,26260.74,26510.43,9378.95,248624880.04,26338,direct,""
1687132800,27036.32,26265.34,26338,17956.62,477713441.96,26842.09,direct,""
1687219200,28407.13,26648.29,26842.09,45985.63,1265530107.38,28319.35,direct,""
1687305600,30780.84,28276.59,28319.35,57981.94,1710075101.48,30000.55,direct,""
1687392000,30499.85,29611.53,30000.55,34380.15,1034077333.64,29892.81,direct,""
1687478400,31416.26,29818.21,29892.81,41294.22,1263857697.39,30705.39,direct,""
1687564800,30811.37,30276.97,30705.39,13046.45,399256498.04,30548.2,direct,""
1687651200,31051.66,30297.61,30548.2,13393.19,410384145.76,30473.64,direct,""
1687737600,30658.58,29930.89,30473.64,21681.68,656487409.95,30271.91,direct,""
1687824000,31013.13,30232.66,30271.91,22312.5,683163079.08,30696.99,direct,""
1687910400,30714.46,29862.15,30696.99,19096.02,577536151.3,30078.9,direct,""
1687996800,30833.99,30043.07,30078.9,21447.12,654120553.86,30447.17,direct,""
1688083200,31272.25,29465.7,30447.17,47299.15,1438707503.25,30471.06,direct,""
1688169600,30653.27,30321.27,30471.06,7261.71,221634243.18,30590.76,direct,""
1688256000,30788.75,30181.34,30590.76,8660.66,264438993.35,30617.66,direct,""
1688342400,31388.17,30575.7,30617.66,19619.43,606995802.76,31160.24,direct,""
1688428800,31331.3,30638.68,31160.24,13276.48,411450957.26,30774.39,direct,""
1688515200,30877.17,30201.06,30774.39,15878.7,484235780.2,30503.07,direct,""
1688601600,31521.11,29869.18,30503.07,30802.77,942103548.67,29907.98,direct,""
1688688000,30450.48,29725.12,29907.98,19368.34,584908167.72,30349.69,direct,""
1688774400,30383.67,30056.18,30349.69,6360.91,192238272.3,30294.36,direct,""
1688860800,30441,30074.68,30294.36,7139.62,216124236.01,30171.49,direct,""
1688947200,31045.4,29964.03,30171.49,22193.83,674592681.26,30421.04,direct,""
1689033600,30805.91,30314.1,30421.04,17665.77,539220942.45,30626.62,direct,""
1689120000,30977.57,30214.19,30626.62,24693.12,755704294.14,30385.22,direct,""
1689206400,31844.94,30259.09,30385.22,42344.72,1314075890.88,31475.78,direct,""
1689292800,31636.78,29929.3,31475.78,33129,1021600213.08,30331.09,direct,""
1689379200,30403.12,30258.91,30331.09,4925.15,149344124.18,30298.45,direct,""
1689465600,30450.66,30083.92,30298.45,7411.25,224532522.64,30248.17,direct,""
1689552000,30340.04,29675.15,30248.17,18560.1,558752237.54,30147.68,direct,""
1689638400,30244.13,29538.16,30147.68,18759.37,560798877.42,29863.79,direct,""
1689724800,30193.82,29765.06,29863.79,14893.37,446435257.92,29918.6,direct,""
1689811200,30417.9,29577.88,29918.6,19269.41,577250260.25,29809.61,direct,""
1689897600,30060.04,29737.09,29809.61,13254.74,395907301.04,29911.46,direct,""
1689984000,30000.3,29635.44,29911.46,6111.68,182484169.27,29791.61,direct,""
1690070400,30345.9,29738.58,29791.61,8140.53,244328645.64,30085.68,direct,""
1690156800,30097.78,28860.94,30085.68,25436.68,744538575.95,29181.04,direct,""
1690243200,29367.59,29054.49,29181.04,12141.51,354541899.17,29226.63,direct,""
1690329600,29682.98,29098.81,29226.63,16583.36,486510821.91,29352.06,direct,""
1690416000,29566.99,29082.04,29352.06,12727.55,373268935.18,29217.05,direct,""
1690502400,29528.45,29121.24,29217.05,11707.43,342975082.63,29316.82,direct,""
1690588800,29406.57,29258.14,29316.82,4989.17,146316009.97,29358.76,direct,""
1690675200,29449.84,29043.43,29358.76,7661.41,224246250.77,29283.34,direct,""
1690761600,29524.99,29108.82,29283.34,14553.25,426457343.16,29231.47,direct,""
1690848000,29721.48,28564.09,29231.47,28319.33,822433494.24,29699.74,direct,""
1690934400,30029.06,28914.46,29699.74,28507.89,838251477.68,29163.69,direct,""
1691020800,29397.03,28945.61,29163.69,15427.08,450334651.17,29177.75,direct,""
1691107200,29308.95,28794.51,29177.75,12900.38,375805085.38,29078.51,direct,""
1691193600,29111.36,28953.98,29078.51,4135,120051247.27,29050.34,direct,""
1691280000,29164.68,28962.89,29050.34,4361.16,126689336.09,29046.16,direct,""
1691366400,29245.27,28672.37,29046.16,16388.65,475156597.17,29182.16,direct,""
1691452800,30210.36,29111.88,29182.16,26561.94,786792606.34,29770.51,direct,""
1691539200,30120.86,29356.43,29770.51,17933.09,532770863.32,29566.47,direct,""
1691625600,29707.55,29319.58,29566.47,12722.06,375142806.93,29428.1,direct,""
1691712000,29535.4,29219.56,29428.1,10550.47,310027638.11,29403.56,direct,""
1691798400,29471.12,29356.08,29403.56,3495.96,102819295.5,29417.08,direct,""
1691884800,29447.27,29257.12,29417.08,3928.8,115373186.78,29281.55,direct,""
1691971200,29664.61,29082.39,29281.55,12333.02,362522208.47,29409.22,direct,""
1692057600,29460.86,29056.77,29409.22,10214.85,299026558.28,29171.23,direct,""
1692144000,29228.22,28696.21,29171.23,16506.96,479152538.98,28702.8,direct,""
1692230400,28752.02,25328.06,28702.8,50603.71,1394530695.43,26629.67,direct,""
1692316800,26823.13,25629.62,26629.67,33853.32,888090076.41,26049.69,direct,""
1692403200,26266.25,25797.39,26049.69,10190.62,265159375.46,26095.8,direct,""
1692489600,26291.33,25983.85,26095.8,7358.66,192271431.08,26191.01,direct,""
1692576000,26248.2,25819.92,26191.01,16512.71,430024076.12,26126.18,direct,""
1692662400,26137.6,25369.8,26126.18,19880.36,514473682.56,26043.01,direct,""
1692748800,26807.82,25802.48,26043.01,25584.15,672652092.31,26429.4,direct,""
1692835200,26565.88,25859.32,26429.4,17135.14,449180401.68,26166.22,direct,""
1692921600,26291.13,25759.58,26166.22,18808.91,489263026.85,26051.29,direct,""
1693008000,26109.19,25979.58,26051.29,3572.84,93024725.64,26010.35,direct,""
1693094400,26168.79,25966.75,26010.35,4137.97,107924452.3,26091.32,direct,""
1693180800,26233.53,25861.84,26091.32,11633.38,302943657.3,26106,direct,""
1693267200,28154.08,25911.89,26106,39870.36,1089036684.85,27724.41,direct,""
1693353600,27766.41,27036.49,27724.41,19031.6,520197058,27305.41,direct,""
1693440000,27563.68,25683.18,27305.41,27850.06,741278108.53,25937.29,direct,""
1693526400,26137.14,25323.44,25937.29,24807.18,639696809.37,25798.79,direct,""
1693612800,25980.31,25729.66,25798.79,7017.96,181289556.36,25868.56,direct,""
1693699200,26115.72,25805.82,25868.56,6190.05,160541183.85,25971.37,direct,""
1693785600,26089.36,25636.28,25971.37,8832.41,228454428.06,25816.24,direct,""
1693872000,25878.61,25567.56,25816.24,10888.31,280146729.52,25785.01,direct,""
1693958400,26019.64,25379.85,25785.01,15183.61,390027105.24,25751.71,direct,""
1694044800,26426.41,25600.8,25751.71,18952.45,491838528.79,26264.75,direct,""
1694131200,26443.61,25650.9,26264.75,18556.34,482397556.59,25907.13,direct,""
1694217600,25936.62,25799.89,25907.13,4094.4,105931726.4,25898.41,direct,""
1694304000,26020.84,25589.02,25898.41,8434.22,217583144.54,25833.67,direct,""
1694390400,25889.38,24911.78,25833.67,24481.75,619642052.88,25157.07,direct,""
1694476800,26545.24,25128.37,25157.07,36111.44,937711286.48,25840.34,direct,""
1694563200,26432.59,25768.65,25840.34,18955.32,495397769.94,26227.49,direct,""
1694649600,26845.74,26136.39,26227.49,24488.8,649517751.61,26533.66,direct,""
1694736000,26879.57,26224.91,26533.66,17339,459310066.65,26605.49,direct,""
1694822400,26771.68,26459.99,26605.49,7062.9,187703875.45,26569.13,direct,""
1694908800,26621.93,26413.39,26569.13,5698.34,151125765.17,26533.12,direct,""
1694995200,27425.7,26394.81,26533.12,29536.95,797114111.3,26767.82,direct,""
1695081600,27493.85,26676.6,26767.82,24703.82,670630172.73,27219.02,direct,""
1695168000,27389.22,26814.07,27219.02,21439.58,581302466.15,27126.4,direct,""
1695254400,27162,26373.55,27126.4,20948.1,559336631.68,26567.47,direct,""
1695340800,26738.04,26478.87,26567.47,15354.82,408613785.26,26583.16,direct,""
1695427200,26640.84,26522.49,26583.16,5251.29,139605320.21,26585.41,direct,""
1695513600,26732.91,26146.79,26585.41,9848.35,260953441.64,26261.44,direct,""
1695600000,26439.02,25997.17,26261.44,19804.27,518905094.49,26297.93,direct,""
1695686400,26395.42,26090.75,26297.93,12902.09,338286231.16,26212.59,direct,""
1695772800,26828.5,26096.78,26212.59,24188.11,638562791.04,26360.2,direct,""
1695859200,27306.05,26328.53,26360.2,30832.51,827813877.45,27027.2,direct,""
1695945600,27233.94,26674.22,27027.2,21721.72,585322764.87,26909.4,direct,""
1696032000,27095.39,26887.09,26909.4,7260.78,195916128.74,26964.27,direct,""
1696118400,28060.49,26958.76,26964.27,16861.15,464200302.08,27994.51,direct,""
1696204800,28585.13,27312.81,27994.51,42701.42,1198411956.48,27507.22,direct,""
1696291200,27669.05,27170.07,27507.22,22621.25,620603083.21,27428.66,direct,""
1696377600,27836.54,27222.97,27428.66,18061.23,497243557.18,27789.8,direct,""
1696464000,28128.37,27363.01,27789.8,25127.82,696054430.54,27414.59,direct,""
1696550400,28280.04,27181.63,27414.59,25278.57,701648471.47,27946.61,direct,""
1696636800,28035.05,27864.11,27946.61,7351.08,205394649,27973.69,direct,""
1696723200,28105.36,27714.35,27973.69,8547.03,238690010.87,27933.57,direct,""
1696809600,27999.8,27282.89,27933.57,21887.87,603964078.09,27598.77,direct,""
1696896000,27735.72,27298.5,27598.77,18600.95,511109469.33,27395.4,direct,""
1696982400,27475.69,26531.55,27395.4,30496.51,821395574.15,26871.21,direct,""
1697068800,26937.98,26549.78,26871.21,16400.37,438531983.5,26756.23,direct,""
1697155200,27110.91,26674.97,26756.23,18507.04,496779424.55,26862.9,direct,""
1697241600,26982.78,26810.02,26862.9,5865.21,157685357.78,26854.52,direct,""
1697328000,27297.26,26813.06,26854.52,10978.68,297110024.59,27177.41,direct,""
1697414400,30009.15,27131.48,27177.41,66720.48,1884462991.7,28518.37,direct,""
1697500800,28628.83,28094.14,28518.37,26038.83,739741149.31,28409.46,direct,""
1697587200,28988.79,28156.7,28409.46,23999.55,682875511.71,28328.07,direct,""
1697673600,28927.17,28135.5,28328.07,25550.36,730081363.3,28733.78,direct,""
1697760000,30243.12,28596.96,28733.78,42016.08,1241026952.55,29684.37,direct,""
1697846400,30365.61,29480.22,29684.37,15637.83,467626116.49,29924.08,direct,""
1697932800,30232.64,29674.58,29924.08,13845.91,414432274.92,30001.44,direct,""
1698019200,34739.17,29898.26,30001.44,73249.41,2308556876.22,33084.08,direct,""
1698105600,35183.22,32857.8,33084.08,75112.67,2559949343.79,33923.52,direct,""
1698192000,35136.87,33698.9,33923.52,43002.87,1481128342.82,34503.4,direct,""
1698278400,34836.51,33746.16,34503.4,36463.09,1248469956.72,34157.06,direct,""
1698364800,34246.78,33406.13,34157.06,30792.41,1044635721.14,33907.7,direct,""
1698451200,34494.4,33876.07,33907.7,10888.97,371696781.35,34090.05,direct,""
1698537600,34761.09,33947.8,34090.05,13639.48,469534963.71,34535.38,direct,""
1698624000,34862.12,34090.22,34535.38,23948.89,825552244.82,34494.56,direct,""
1698710400,34726.05,34058.4,34494.56,21982.74,756326173.72,34657.73,direct,""
1698796800,35623.76,34096.9,34657.73,34274.26,1190955576.06,35439.76,direct,""
1698883200,35973.2,34323.19,35439.76,31205.25,1097011932.14,34947.15,direct,""
1698969600,34950.21,34118.29,34947.15,27811.97,960199464.71,34732.28,direct,""
1699056000,35278.07,34606.38,34732.28,10840.41,377653497.47,35086.09,direct,""
1699142400,35393.84,34489.02,35086.09,15210.52,533016306.01,35039.47,direct,""
1699228800,35288.36,34758.64,35039.47,17520.44,613732584.95,35054.59,direct,""
1699315200,35929.83,34537.87,35054.59,28810.78,1012278827.62,35421.85,direct,""
1699401600,36109.43,35120.46,35421.85,26404.64,937630450.49,35638.33,direct,""
1699488000,37990.51,35557.78,35638.33,62530.57,2296501186.4,36704.14,direct,""
1699574400,37536.44,36342.27,36704.14,32545.3,1206040827.09,37321.51,direct,""
1699660800,37417.29,36701.83,37321.51,14920.5,553215494.09,37142.22,direct,""
1699747200,37233.45,36747.05,37142.22,9320.87,345567975.97,37079.76,direct,""
1699833600,37429.52,36358,37079.76,24368.53,897671274.64,36482.51,direct,""
1699920000,36752.31,34788.17,36482.51,33896.65,1219819360.84,35551.21,direct,""
1700006400,37977.31,35374.22,35551.21,39005.98,1436101057.95,37884.19,direct,""
1700092800,37951.14,35512.38,37884.19,38917.77,1428319260.74,36162.42,direct,""
1700179200,36780.63,35873.7,36162.42,28253.69,1027029255.11,36626.32,direct,""
1700265600,36853.45,36212.85,36626.32,8649.03,316037508.01,36591.19,direct,""
1700352000,37529.1,36411.61,36591.19,11668.93,430198062.65,37388.64,direct,""
1700438400,37770.11,36767.05,37388.64,31117.45,1162294169.25,37476.66,direct,""
1700524800,37665.29,35753.93,37476.66,42793.3,1579350547.76,35758.72,direct,""
1700611200,37866.63,35656.41,35758.72,36262.61,1335151412.8,37424.2,direct,""
1700697600,37646.06,36892.34,37424.2,16793.76,626668140.1,37299.18,direct,""
1700784000,38432.07,37262.39,37299.18,34951.5,1322597274.57,37737.05,direct,""
1700870400,37907.84,37616.03,37737.05,8271.55,312424824.64,37801.92,direct,""
1700956800,37829.46,37159.52,37801.92,12751.26,478214999.45,37460.21,direct,""
1701043200,37568.17,36727.3,37460.21,24674.21,914744666.52,37246.29,direct,""
1701129600,38410.41,36879.99,37246.29,33506.06,1265755538.49,37836.63,direct,""
1701216000,38456.97,37589.12,37836.63,27433.75,1041457987.13,37861.9,direct,""
1701302400,38149.78,37505.7,37861.9,16874.61,637264648.28,37729.58,direct,""
1701388800,38982.35,37626.12,37729.58,32942.59,1268612412.23,38699.84,direct,""
1701475200,39712.52,38659.45,38699.84,17299.38,677167721.21,39469.35,direct,""
1701561600,40203.23,39288.91,39469.35,16087.63,638707315.07,39980.93,direct,""
1701648000,42399.42,39980.36,39980.93,48574.89,2012390115.57,41984.41,direct,""
1701734400,44639.18,41368.51,41984.41,52083.86,2234743414.43,44089.06,direct,""
1701820800,44286.67,43386.17,44089.06,39080.76,1715623988.73,43771.01,direct,""
1701907200,44050.53,42856.57,43771.01,30381.14,1320509439.92,43285.02,direct,""
1701993600,44735.52,43094.02,43285.02,29502.75,1292562850.41,44186.18,direct,""
1702080000,44373.02,43597.57,44186.18,15066.31,662982186.27,43723,direct,""
1702166400,44047.82,43584.51,43723,11497.59,503801762.3,43791.67,direct,""
1702252800,43808.9,40180.77,43791.67,58689.61,2446801856.72,41235.58,direct,""
1702339200,42080.61,40648.18,41235.58,31480.37,1305859570.88,41472.94,direct,""
1702425600,43461.75,40579.83,41472.94,36203.68,1517574126.2,42887.55,direct,""
1702512000,43416.91,41433.23,42887.55,34166.34,1460749070.58,43030.6,direct,""
1702598400,43091.28,41662.1,43030.6,25157.34,1065004798.33,41939.16,direct,""
1702684800,42678.86,41640.84,41939.16,13495.73,570286280.98,42243.26,direct,""
1702771200,42372.05,41228.17,42243.26,18460.88,772939037.53,41349.42,direct,""
1702857600,42744.41,40512.69,41349.42,32860.71,1362661202.35,42650.27,direct,""
1702944000,43454.44,41796.54,42650.27,30940.15,1318306822.38,42268.08,direct,""
1703030400,44303.12,42195.52,42268.08,41481.09,1805958609.9,43669.91,direct,""
1703116800,44245.16,43306.15,43669.91,29872.95,1306652594.38,43875.01,direct,""
1703203200,44417.78,43426.51,43875.01,24740.39,1084076406.5,44008.04,direct,""
1703289600,44024.62,43338.34,44008.04,10973.31,479555333.8,43732.75,direct,""
1703376000,43965.2,42635.13,43732.75,14281.15,621424795.87,43023.12,direct,""
1703462400,43808.21,42763.83,43023.12,14747.02,639501515.36,43593.79,direct,""
1703548800,43604.51,41616.59,43593.79,30529.57,1297798884.96,42517.32,direct,""
1703635200,43694.83,42121.77,42517.32,27420.29,1178861473.09,43469.34,direct,""
1703721600,43817.61,42283.91,43469.34,29112.04,1249335317.05,42588.94,direct,""
1703808000,43134.59,41296.86,42588.94,34268.41,1450476730.93,42073.59,direct,""
1703894400,42595.81,41529.95,42073.59,21511.57,905852574.49,42146.03,direct,""
1703980800,42863.11,41970.37,42146.03,21509.24,912867128.16,42280.14,direct,""
1704067200,44210.89,42187.32,42280.14,19499.59,839894208.67,44197.61,direct,""
1704153600,45918.98,44181.86,44197.61,57443.36,2596745174.99,44970.34,direct,""
1704240000,45513.73,40214.67,44970.34,82056.19,3533041051.83,42854.08,direct,""
1704326400,44797.03,42657.44,42854.08,49538.94,2167748750.23,44194.38,direct,""
1704412800,44377.15,42508.08,44194.38,54169.3,2368276569.22,44178.89,direct,""
1704499200,44248.4,43444.9,44178.89,16352.13,717065469.35,43988.33,direct,""
1704585600,44496.47,43639.57,43988.33,20056.41,884154712.5,43950.84,direct,""
1704672000,47295.94,43209.8,43950.84,66057.64,3000303504.99,46988.14,direct,""
1704758400,47923.17,44889.64,46988.14,66281.93,3083632967.78,46123,direct,""
1704844800,47705.84,44326.32,46123,80226.64,3677964834.63,46667.48,direct,""
1704931200,49054.05,45580.11,46667.48,77548.89,3638877778.74,46353.15,direct,""
1705017600,46512.17,41454.57,46353.15,87031.78,3855256978.62,42776.42,direct,""
1705104000,43243.47,42438.36,42776.42,23024.72,986309535.03,42839.19,direct,""
1705190400,43060.49,41702.53,42839.19,21730.6,924871801.97,41704.39,direct,""
1705276800,43325.88,41687.69,41704.39,24561.1,1046074902.52,42491.26,direct,""
1705363200,43562.19,42047.82,42491.26,36429.24,1565259395.93,43130.88,direct,""
1705449600,43183.19,42172.64,43130.88,32911.24,1403011843.2,42739.27,direct,""
1705536000,42876.35,40606.86,42739.27,45180.42,1885882508.36,41286.68,direct,""
1705622400,42151.57,40246.58,41286.68,45191.13,1864062474.18,41625.47,direct,""
1705708800,41846.45,41433.27,41625.47,13096.14,544668570.57,41677.08,direct,""
1705795200,41862.83,41493.59,41677.08,9176.94,382561229.54,41570.17,direct,""
1705881600,41669.9,39396.81,41570.17,56109.4,2270442343.15,39523.63,direct,""
1705968000,40136.09,38512.34,39523.63,46007.49,1805745649.27,39876.44,direct,""
1706054400,40526.25,39429.31,39876.44,37009.85,1476062916.95,40078.62,direct,""
1706140800,40280.91,39523.94,40078.62,29183.88,1164224625.52,39941.74,direct,""
1706227200,42227.71,39814.87,39941.74,42739.48,1763833855.75,41816.55,direct,""
1706313600,42191.83,41393.22,41816.55,10632.46,444567824.09,42124.02,direct,""
1706400000,42822.8,41632.18,42124.02,16615.66,702267432.76,42028.92,direct,""
1706486400,43308.42,41804.05,42028.92,27783.74,1184671101.99,43302.28,direct,""
1706572800,43855.77,42690.4,43302.28,34500.06,1498626265.1,42943.64,direct,""
1706659200,43734.38,42276.82,42943.64,39491.24,1695950546.73,42555.08,direct,""
1706745600,43267.39,41855.88,42555.08,29018.49,1234469121.23,43073.2,direct,""
1706832000,43452.76,42536.21,43073.2,26779.09,1152442855.72,43181.71,direct,""
1706918400,43355.76,42874.37,43181.71,7556.6,325725942.96,42999.52,direct,""
1707004800,43093.79,42232.02,42999.52,9589.32,410404369.06,42570.21,direct,""
1707091200,43518.7,41931.59,42570.21,24867.17,1062866796.14,42664.56,direct,""
1707177600,43360.05,42526.92,42664.56,22482.95,966265875.57,43091.51,direct,""
1707264000,44402,42766.8,43091.51,30331.77,1319628672.43,44339.04,direct,""
1707350400,45622.13,44333.87,44339.04,39654.68,1785332802.43,45304.61,direct,""
1707436800,48208.27,45257.22,45304.61,50590.41,2379925849.32,47154.23,direct,""
1707523200,48166.14,46894.61,47154.23,16452.46,780554926.36,47768.12,direct,""
1707609600,48597.46,47592.04,47768.12,19858.95,956986637.1,48311.16,direct,""
1707696000,50339.2,47718.59,48311.16,47112.86,2319184140.26,49942.97,direct,""
1707782400,50392.92,48336.83,49942.97,42027.05,2075339722.8,49733.11,direct,""
1707868800,52085.66,49272.58,49733.11,43948.58,2252886326.88,51844.19,direct,""
1707955200,52845.45,51357.81,51844.19,42990.13,2239765884.49,51934.57,direct,""
1708041600,52598.05,51604.88,51934.57,32295.2,1680749372.19,52163.28,direct,""
1708128000,52201.89,50647.34,52163.28,17696.94,910308869.83,51668.78,direct,""
1708214400,52393.59,51194.3,51668.78,14716.3,762533081.81,52139.33,direct,""
1708300800,52487.6,51691.25,52139.33,18980.36,989270690.85,51781.22,direct,""
1708387200,52985.95,50766.77,51781.22,39504.32,2050493239.79,52269.59,direct,""
1708473600,52375.42,50633.49,52269.59,32665.42,1676374071.14,51854.36,direct,""
1708560000,52056.01,50914.97,51854.36,30501.44,1573393306.75,51263.67,direct,""
1708646400,51509.58,50523.07,51263.67,26365.93,1345274652.99,50744.07,direct,""
1708732800,51687.88,50583.66,50744.07,10707.22,548313000.54,51574.61,direct,""
1708819200,51957.87,51288.57,51574.61,12394.68,640224439.02,51727.63,direct,""
1708905600,54939.87,50920.53,51727.63,47961.27,2550669499.35,54518.58,direct,""
1708992000,57612.94,54483.19,54518.58,62683.92,3546751167.69,57071.6,direct,""
1709078400,64086.08,56726.31,57071.6,102181.72,6171823618.31,62507.1,direct,""
1709164800,63652.76,60370.98,62507.1,84709.08,5259277822.5,61179.58,direct,""
1709251200,63226.77,60795.21,61179.58,52747.33,3267402863.37,62431.25,direct,""
1709337600,62479.07,61631.05,62431.25,20264.53,1257238241.46,62038.39,direct,""
1709424000,63254.84,61392.4,62038.39,20301.48,1265273119.48,63149.43,direct,""
1709510400,68562.03,62363.97,63149.43,79177.16,5220774005.79,68338.64,direct,""
1709596800,69244.55,59268.68,68338.64,126873.13,8263897912.84,63804.11,direct,""
1709683200,67645.97,62851.27,63804.11,68031.77,4498440968.53,66115.57,direct,""
1709769600,68065.89,65610.94,66115.57,41800.64,2804368120.13,66928.15,direct,""
1709856000,70151.23,66173.73,66928.15,59361.92,4046244830.74,68269.39,direct,""
1709942400,68663.92,68026.81,68269.39,16947.1,1158711168.05,68446.32,direct,""
1710028800,69976.84,68218.19,68446.32,27686.99,1919585405.6,69023.53,direct,""
1710115200,72872.77,67170.42,69023.53,62709.74,4476609937.75,72095.86,direct,""
1710201600,72996.99,68636.43,72095.86,58546.01,4173072731.62,71449.5,direct,""
1710288000,73672.14,71329.7,71449.5,41314.41,3008299520.61,73118.09,direct,""
1710374400,73802.64,68493.91,73118.09,60699.01,4325873413.25,71366.96,direct,""
1710460800,72394.97,65579.78,71366.96,73358.94,5016358153.02,69497.39,direct,""
1710547200,70043.23,64783.87,69497.39,33956.52,2295869354.32,65260.55,direct,""
1710633600,68873.88,64529.3,65260.55,29362.49,1962751757.05,68364.45,direct,""
1710720000,68925.18,66584.49,68364.45,38542.52,2602930945.01,67609.44,direct,""
1710806400,68116.53,61529.15,67609.44,75848.91,4863914201.82,61924.02,direct,""
1710892800,68139.33,60782.8,61924.02,69671.19,4466872469.25,67857.3,direct,""
1710979200,68229.38,64548.09,67857.3,38234.75,2542747734.72,65493.22,direct,""
1711065600,66643.64,62321.3,65493.22,37343.35,2395884490.04,63816.99,direct,""
1711152000,66005.71,63025.99,63816.99,19360.47,1250716141.79,64004.42,direct,""
1711238400,67623.78,63802.82,64004.42,19120.87,1253420264.9,67208.33,direct,""
1711324800,71202.65,66400.46,67208.33,46100.6,3184570068.52,69892.26,direct,""
1711411200,71558.85,69294.69,69892.26,32990.33,2319265484.04,69990.22,direct,""
1711497600,71762.06,68384.71,69990.22,40450.72,2817965870.72,69434.46,direct,""
1711584000,71593.93,68864.89,69434.46,31346.01,2214217706.88,70789.57,direct,""
1711670400,70925.04,69059.03,70789.57,17382.89,1216001428.98,69903.72,direct,""
1711756800,70356.07,69586.01,69903.72,7371.14,515940317.66,69629.99,direct,""
1711843200,71389.78,69601.39,69629.99,10567.65,745658086.55,71312.91,direct,""
1711929600,71325.61,68074.92,71312.91,28892.19,2005923775.26,69686.37,direct,""
1712016000,69703.1,64571.71,69686.37,48905.67,3234216304.99,65466.81,direct,""
1712102400,66925.93,64514.87,65466.81,27792.87,1835055534.78,65986.11,direct,""
1712188800,69343.32,65081.42,65986.11,36673.5,2475521298.64,68523.79,direct,""
1712275200,68772.34,65994.65,68523.79,32904.8,2219856764.99,67860.53,direct,""
1712361600,69672.09,67483.82,67860.53,11314.76,772361130.33,68913.79,direct,""
1712448000,70303.08,68877.35,68913.79,13691.75,951477284.85,69357.32,direct,""
1712534400,72750.51,69064.41,69357.32,36459.33,2607488940.79,71629.36,direct,""
1712620800,71748.92,68213.24,71629.36,34538.71,2411758700.3,69129.48,direct,""
1712707200,71150.5,67480.7,69129.48,37142.44,2563902180.98,70628.54,direct,""
1712793600,71297.81,69558.05,70628.54,24988.45,1758820969.32,70026.43,direct,""
1712880000,71246.69,65257.57,70026.43,49331.17,3367653179.18,67158.3,direct,""
1712966400,68422.6,61079.47,67158.3,56915.71,3689543158.77,64021.36,direct,""
1713052800,65874.88,62229.8,64021.36,40968.04,2627998512.52,65765.64,direct,""
1713139200,66902.94,62328.07,65765.64,40978.19,2658417494.41,63447.27,direct,""
1713225600,64385.46,61667.72,63447.27,35542.55,2234500815.41,63824.7,direct,""
1713312000,64503.77,59682.79,63824.7,41504.19,2562816108.8,61283.74,direct,""
1713398400,64181.25,60829.27,61283.74,31452.84,1972785716.37,63511.2,direct,""
1713484800,65491.94,59607.49,63511.2,46058.39,2923364930.21,63848.26,direct,""
1713571200,65453.07,63140.68,63848.26,13464.03,866105478.99,64979.21,direct,""
1713657600,65724.22,64271.77,64979.21,13150.64,854324202.42,64955.82,direct,""
1713744000,67257.68,64536.42,64955.82,22839.75,1510230897.53,66854.24,direct,""
1713830400,67211.15,65835.93,66854.24,17575.6,1169300050.32,66415.06,direct,""
1713916800,67067.52,63556.97,66415.06,28785.93,1878460968.73,64263.95,direct,""
1714003200,65279.7,62759.65,64263.95,26730.52,1713069016.97,64488.49,direct,""
1714089600,64795.15,63307.56,64488.49,19914.4,1275865834.83,63750.63,direct,""
1714176000,63904.85,62408.97,63750.63,12684.85,799665556.56,63434.44,direct,""
1714262400,64335.08,62769.01,63434.44,10104.62,642628554.25,63111.34,direct,""
1714348800,64192.54,61768.51,63111.34,21849.86,1370557060.16,63847.54,direct,""
1714435200,64721.13,59097.29,63847.54,41212.82,2518380270.05,60633.97,direct,""
1714521600,60788.52,56516.09,60633.97,52053.76,3014503800.73,58277.44,direct,""
1714608000,59628.08,56936.28,58277.44,29471.89,1724718703.27,59083.85,direct,""
1714694400,63355.83,58835.76,59083.85,35180.41,2147038663.01,62917.45,direct,""
1714780800,64539.14,62587.84,62917.45,16206.9,1029192793.92,63904.51,direct,""
1714867200,64634.43,62923.47,63904.51,12595.62,803966989.59,64037.5,direct,""
1714953600,65517.33,62715.9,64037.5,24082.55,1537928462.74,63168.44,direct,""
1715040000,64403.15,62274.09,63168.44,20907.17,1326416673.48,62323.36,direct,""
1715126400,63004.6,60867.52,62323.36,18593.4,1155791451.43,61179.81,direct,""
1715212800,63429.98,60623.94,61179.81,18440.55,1140626858.17,63077.18,direct,""
1715299200,63469.13,60181.24,63077.18,25390.35,1565941805.66,60790.82,direct,""
1715385600,61489.54,60474.73,60790.82,8298.11,505608099.69,60823.19,direct,""
1715472000,61838.51,60600.9,60823.19,8214.5,502848342.69,61459.22,direct,""
1715558400,63445.72,60758.38,61459.22,21250.01,1327733464.12,62932.29,direct,""
1715644800,63097.07,61094.77,62932.29,26392.04,1636519845.72,61548.48,direct,""
1715731200,66467.29,61325.48,61548.48,40708.36,2625073579.59,66245.16,direct,""
1715817600,66760.54,64600.05,66245.16,24275.96,1596664354.59,65250.53,direct,""
1715904000,67489.24,65120.39,65250.53,23340.48,1552274385.82,67051.35,direct,""
1715990400,67397.7,66633.01,67051.35,8752.24,586174043.35,66927.56,direct,""
1716076800,67696.21,65878.18,66927.56,9725.64,650338446.5,66268.25,direct,""
1716163200,71546.4,66071.74,66268.25,38260.49,2624709812.32,71430.23,direct,""
1716249600,71964.79,69158.99,71430.23,30747.6,2169803609.99,70141.17,direct,""
1716336000,70643.89,68952.24,70141.17,22981.44,1603267534.2,69123.56,direct,""
1716422400,70037.76,66370,69123.56,28168.79,1922285401.83,67946.35,direct,""
1716508800,69264.17,66613.35,67946.35,18239.62,1242012319.42,68548.33,direct,""
1716595200,69599.81,68498.87,68548.33,5972,412212332.66,69288.95,direct,""
1716681600,69511.53,68156.05,69288.95,5502.87,379159635.92,68488.29,direct,""
1716768000,70613.89,68227.32,68488.29,13110.64,909946343.46,69386.83,direct,""
1716854400,69533.54,67206.37,69386.83,22223.83,1514489243.92,68330.84,direct,""
1716940800,68858.38,67099.33,68330.84,16353.37,1108570253.28,67576.81,direct,""
1717027200,69520.94,67107.22,67576.81,20828.64,1424914242.82,68346.19,direct,""
1717113600,69012.82,66605.09,68346.19,19922.04,1349659294.8,67482.25,direct,""
1717200000,67831.31,67383.55,67482.25,4400.74,297719480.73,67721.6,direct,""
1717286400,68409.58,67279.96,67721.6,6731.43,456585602.02,67738.74,direct,""
1717372800,70283.97,67584.62,67738.74,22783.46,1575608100.17,68799.6,direct,""
1717459200,71090.99,68553.54,68799.6,29746.55,2084571763.56,70548.51,direct,""
1717545600,71782.2,70371.34,70548.51,21737.62,1545204312.75,71117.68,direct,""
1717632000,71642.27,70113.83,71117.68,16078.4,1141567996.37,70772.35,direct,""
1717718400,71943.4,68439.15,70772.35,28318.21,1992355199.22,69330.51,direct,""
1717804800,69547.91,69152.66,69330.51,5753.02,399100009.36,69303.58,direct,""
1717891200,69837.26,69131.01,69303.58,5137.66,357128157.69,69639.42,direct,""
1717977600,70172,69166.61,69639.42,12116.49,843477987.58,69505.57,direct,""
1718064000,69550.65,66054.78,69505.57,31800.9,2141818771.53,67319.41,direct,""
1718150400,70021.47,66896.79,67319.41,31159.85,2139401386.85,68247,direct,""
1718236800,68428.43,66224.61,68247,23051.5,1550737143.4,66742.54,direct,""
1718323200,67317.79,65026.62,66742.54,24684.72,1633598669.38,66006.13,direct,""
1718409600,66419.48,65832.26,66006.13,6139.62,406250537.71,66188.81,direct,""
1718496000,66916.83,66012.05,66188.81,6512.06,433017008.55,66631.59,direct,""
1718582400,66866.33,65062.53,66631.59,13394.17,881455646.74,65312.86,direct,""
